dim,s,time,sampled,sieved,compared,num_short
20,10,0.034,123,1597,309773,39
20,100,0.037,113,3129,593564,32
20,1000,0.05,110,4547,836240,26
21,10,0.028,125,1934,439606,16
21,100,0.048,129,3588,796323,3
21,1000,0.072,125,5573,1196697,40
22,10,0.033,145,1966,502899,1
22,100,0.067,140,4364,1065560,43
22,1000,0.101,140,6485,1629298,41
23,10,0.054,174,2784,831460,45
23,100,0.095,169,5219,1500392,4
23,1000,0.138,147,7852,2234518,3
24,10,0.066,171,3000,979075,47
24,100,0.145,200,6516,2223675,9
24,1000,0.2,194,9282,3098521,7
25,10,0.09,200,3602,1338200,32
25,100,0.187,223,7381,2849877,32
25,1000,0.281,228,11326,4324330,44
26,10,0.135,248,4410,1945263,50
26,100,0.274,255,8983,4057737,3
26,1000,0.389,248,13159,5784174,14
27,10,0.182,281,5205,2619619,47
27,100,0.364,275,10591,5374044,50
27,1000,0.558,291,15953,8267810,3
28,10,0.258,335,6042,3646556,6
28,100,0.51,322,12441,7331568,8
28,1000,0.838,323,19290,11442823,55
29,10,0.375,352,7419,5275158,8
29,100,0.712,373,14899,10133585,53
29,1000,1.074,374,22424,15349085,36
30,10,0.509,429,8637,6905725,58
30,100,1.42,429,17838,14151039,49
30,1000,2.104,454,26641,20932355,59
31,10,0.961,488,10357,9546469,62
31,100,1.95,495,21130,19301363,60
31,1000,2.969,493,31827,29249767,57
32,10,1.015,587,11953,12936622,8
32,100,1.975,558,24517,25832957,54
32,1000,3.015,567,37641,39591198,47
33,10,1.44,667,14657,18288921,63
33,100,2.865,636,29857,36593395,60
33,1000,4.325,623,45197,55437031,56
34,10,1.996,730,17102,24562096,64
34,100,3.997,732,34996,49588171,64
34,1000,6.037,739,53169,74854063,66
35,10,2.649,838,19951,32510635,70
35,100,5.519,836,41193,67886038,70
35,1000,8.357,866,62770,103355380,16
36,10,3.852,954,24081,46199879,66
36,100,7.815,961,49141,93966567,59
36,1000,11.696,986,74219,141192534,6
37,10,5.453,1141,28723,64398876,46
37,100,10.89,1141,58356,128876012,66
37,1000,16.34,1148,88198,193882883,73
38,10,7.589,1280,33546,87114578,7
38,100,15.087,1297,68273,173651255,70
38,1000,22.937,1344,103706,264711602,0
39,10,10.625,1537,39782,120607358,5
39,100,20.878,1515,81061,237671157,76
39,1000,31.892,1463,123631,363281006,75
40,10,14.73,1849,46887,164062684,73
40,100,29.752,1726,96621,331969349,1
40,1000,44.804,1759,146371,500710767,78
41,10,20.006,1992,54715,218834333,79
41,100,40.999,1973,113195,449537093,4
41,1000,62.398,2093,172906,684633974,81
42,10,29.057,2317,66123,310558919,80
42,100,58.941,2399,135998,631503269,82
42,1000,88.063,2270,205105,943752493,77
43,10,46.33,2649,77456,422763091,3
43,100,89.245,2727,159007,850210699,80
43,1000,132.225,2668,242249,1285052481,83
44,10,58.405,3153,91707,579415629,77
44,100,119.274,3206,188630,1170068495,3
44,1000,177.312,3069,286821,1773714599,85
45,10,78.332,3588,105815,765620284,88
45,100,163.878,3613,223251,1605834444,75
45,1000,250.632,3537,340322,2444945254,80
46,10,111.47,4223,124997,1056123584,1
46,100,237.638,4233,265757,2215130283,83
46,1000,363.394,4206,404523,3378121005,85
47,10,162.596,4803,150160,1477012132,91
47,100,329.496,4740,310643,3003474141,86
47,1000,498.713,4868,474720,4589393475,9
48,10,221.11,5489,175117,1986273430,82
48,100,455.97,5596,368446,4147129408,13
48,1000,690.009,5640,561551,6295890315,91
49,10,320.082,6663,208525,2752301515,90
49,100,657.706,6496,435902,5682196922,78
49,1000,1007.753,6318,665687,8657198105,97
50,10,506.606,7420,244800,3751043020,98
50,100,1022.185,7599,514883,7784137211,97
50,1000,1564.015,7506,783756,11817679552,5
20,10,0.024,97,1504,273461,36
20,100,0.036,113,3089,587247,37
20,1000,0.052,109,4686,874424,38
21,10,0.027,126,1914,428691,36
21,100,0.052,133,3825,842704,42
21,1000,0.071,131,5471,1194942,1
22,10,0.035,147,2143,537399,43
22,100,0.067,144,4288,1070144,2
22,1000,0.1,152,6469,1606880,3
23,10,0.049,187,2419,743114,0
23,100,0.095,159,5277,1509726,46
23,1000,0.137,161,7658,2188701,1
24,10,0.075,213,3194,1118254,1
24,100,0.134,183,6180,2053178,11
24,1000,0.204,192,9470,3148225,46
25,10,0.096,231,3631,1417490,48
25,100,0.179,207,7262,2730494,48
25,1000,0.277,217,11177,4273212,26
26,10,0.147,270,4508,2127494,50
26,100,0.272,235,8951,4029560,3
26,1000,0.377,227,12968,5616238,33
27,10,0.179,278,5045,2583453,46
27,100,0.381,296,10832,5621219,54
27,1000,0.541,286,15733,8008936,52
28,10,0.252,315,6006,3557403,6
28,100,0.513,340,12541,7348342,53
28,1000,0.793,338,19199,11440660,51
29,10,0.367,380,7416,5147072,58
29,100,0.692,380,14558,9824797,57
29,1000,1.091,407,22671,15543738,57
30,10,0.533,427,8909,7242472,57
30,100,0.995,414,17353,13668270,58
30,1000,1.538,418,26730,21209379,30
31,10,0.72,510,10302,9510811,61
31,100,1.855,474,20557,18482521,58
31,1000,2.178,487,31962,29198932,59
32,10,1.03,561,12267,13361883,0
32,100,2.004,509,24740,25982491,62
32,1000,2.939,560,36632,38550126,4
33,10,1.408,637,14403,17734746,48
33,100,2.803,653,29078,35738398,10
33,1000,4.239,659,44727,54612422,60
34,10,1.972,733,17086,24319969,58
34,100,3.96,712,34858,49201740,61
34,1000,5.929,742,52155,73606840,65
35,10,2.725,870,19940,33284648,2
35,100,5.589,894,41657,68676155,54
35,1000,8.111,811,61827,100354682,61
36,10,3.864,994,24048,46509000,67
36,100,7.644,960,48752,92484015,39
36,1000,11.617,987,74499,140585937,72
37,10,5.153,1107,27667,61028435,69
37,100,10.853,1136,58459,129096534,64
37,1000,16.211,1135,88296,193048382,58
38,10,7.592,1302,33792,87333402,70
38,100,15.419,1331,69100,177455571,71
38,1000,22.813,1297,103595,262820328,3
39,10,10.562,1534,39693,119919711,68
39,100,21.012,1536,81221,239734577,9
39,1000,32.235,1516,123946,367659454,4
40,10,14.538,1747,46552,161222240,73
40,100,29.42,1714,95787,327986626,78
40,1000,44.526,1727,145487,495775325,75
41,10,20.272,1962,55069,221222967,82
41,100,41.351,2068,113571,452821855,68
41,1000,62.889,2069,173172,688645432,16
42,10,28.15,2373,64381,299935428,12
42,100,58.557,2313,135324,625840139,9
42,1000,88.21,2327,204279,935179496,79
43,10,42.23,2753,76475,412173054,82
43,100,83.512,2662,159313,850428112,82
43,1000,123.847,2677,243439,1296674081,2
44,10,55.955,3067,89762,561594502,4
44,100,118.073,3157,188217,1167384500,82
44,1000,177.834,3114,287659,1776486885,86
45,10,80.716,3453,107109,779295664,90
45,100,164.61,3542,223067,1606748316,88
45,1000,251.3,3516,340671,2440583169,88
46,10,114.371,4189,126794,1077538770,88
46,100,236.921,4125,262602,2191003722,86
46,1000,361.058,4301,403559,3362524657,87
47,10,161.739,4825,148979,1465471694,14
47,100,331.987,4782,311595,3017027111,91
47,1000,505.709,5011,479151,4647980873,91
48,10,217.284,5497,174501,1971029926,90
48,100,458.513,5484,369345,4153307811,90
48,1000,699.602,5565,562312,6305730128,80
49,10,314.655,6452,206349,2711267864,93
49,100,666.673,6626,436668,5702549203,79
49,1000,1018.287,6591,666957,8696102232,94
50,10,515.558,7565,244367,3733752972,97
50,100,1050.913,7542,516566,7841572522,94
50,1000,1581.307,7400,785960,11878383708,6
20,10,0.025,103,1526,283543,18
20,100,0.032,104,2846,524005,0
20,1000,0.052,115,4516,855076,1
21,10,0.026,125,1845,409526,3
21,100,0.048,113,3768,792954,42
21,1000,0.07,114,5553,1182797,42
22,10,0.037,150,2284,575970,44
22,100,0.072,151,4518,1136664,37
22,1000,0.101,153,6500,1614980,43
23,10,0.049,156,2649,757202,42
23,100,0.094,149,5299,1488122,44
23,1000,0.132,160,7528,2124636,2
24,10,0.077,191,3265,1131327,48
24,100,0.139,192,6326,2120328,47
24,1000,0.208,187,9603,3199474,0
25,10,0.105,224,3953,1569038,50
25,100,0.195,213,7690,2963147,50
25,1000,0.275,217,11064,4211444,1
26,10,0.136,259,4385,1966657,43
26,100,0.268,264,8924,3946251,51
26,1000,0.396,237,13473,5909880,8
27,10,0.191,290,5178,2747830,0
27,100,0.381,279,10742,5615005,3
27,1000,0.556,304,15997,8224682,47
28,10,0.268,345,6262,3795193,49
28,100,0.513,330,12464,7371240,14
28,1000,0.782,313,19150,11329631,49
29,10,0.373,378,7434,5236881,7
29,100,0.735,374,15260,10447596,54
29,1000,1.026,373,21731,14665381,5
30,10,0.522,403,8693,7093617,0
30,100,1.036,413,17896,14245815,60
30,1000,2.104,440,26514,20935685,50
31,10,0.931,470,10159,9192148,61
31,100,1.433,517,21155,19397986,61
31,1000,2.919,485,31751,28845730,61
32,10,1.032,567,12425,13382395,63
32,100,2.039,599,25019,26660243,36
32,1000,3.048,552,37800,40007953,61
33,10,1.426,641,14659,18233156,62
33,100,2.806,627,29483,35924320,63
33,1000,4.258,690,44779,54881241,63
34,10,2.019,716,17304,25013418,8
34,100,3.9,768,34351,48674480,2
34,1000,5.875,712,52450,73442840,59
35,10,2.649,852,19930,32377838,69
35,100,5.624,846,41810,69268500,69
35,1000,8.305,906,62395,102197688,2
36,10,3.713,969,23420,44545116,71
36,100,7.816,1027,49171,94179957,32
36,1000,11.779,1017,74349,141912877,1
37,10,5.392,1195,28320,63704563,9
37,100,10.595,1140,57345,125510080,68
37,1000,16.38,1110,88239,194170383,68
38,10,7.291,1280,32888,83765260,62
38,100,15.27,1270,68982,176320187,46
38,1000,23.007,1306,104117,265438053,75
39,10,10.357,1561,39409,117682864,74
39,100,21.435,1554,81903,244413566,77
39,1000,32.027,1524,123376,365243784,74
40,10,14.716,1798,46867,164076246,75
40,100,30.241,1833,97403,336887783,77
40,1000,45.076,1703,147279,504261645,78
41,10,19.899,1969,54650,217792391,80
41,100,41.644,2006,114269,456483372,75
41,1000,62.888,2000,173971,690223296,75
42,10,28.357,2318,65152,303795969,81
42,100,57.775,2398,134410,619302466,82
42,1000,89.674,2328,205005,940652909,81
43,10,42.437,2714,76609,413043832,83
43,100,83.133,2594,158734,854005114,0
43,1000,125.245,2717,244520,1309147592,14
44,10,57.519,3095,91303,573262869,4
44,100,118.745,3096,189365,1179107717,0
44,1000,177.02,3101,287445,1777748447,84
45,10,81.129,3624,107556,785756508,88
45,100,168.188,3774,225582,1639214026,79
45,1000,252.95,3560,341122,2457272456,87
46,10,114.57,4192,128064,1087677673,91
46,100,232.864,4143,261884,2181603611,79
46,1000,360.071,4199,402071,3347840538,89
47,10,161.371,4759,148811,1450714175,90
47,100,332.486,4836,314895,3057785060,90
47,1000,500.604,4703,475931,4596405321,90
48,10,222.627,5470,175694,1999496140,12
48,100,452.468,5405,366736,4112039630,82
48,1000,694.033,5589,561629,6295195039,93
49,10,323.61,6342,208900,2764733526,15
49,100,670.201,6423,437151,5713648028,92
49,1000,1005.657,6526,664206,8658737566,1
50,10,517.901,7452,244714,3744330815,99
50,100,1081.446,7467,518220,7894998464,98
50,1000,1577.098,7363,784555,11816287994,96
20,10,0.024,106,1626,312385,32
20,100,0.032,108,2824,521126,0
20,1000,0.054,121,4676,889376,38
21,10,0.028,135,1945,441697,41
21,100,0.048,115,3707,798699,41
21,1000,0.072,123,5684,1219404,41
22,10,0.036,135,2179,553682,7
22,100,0.071,144,4505,1119387,42
22,1000,0.103,147,6671,1657672,43
23,10,0.049,157,2687,761921,44
23,100,0.099,155,5498,1593676,39
23,1000,0.144,180,7914,2303887,45
24,10,0.068,175,3081,1002977,47
24,100,0.127,182,5942,1939700,40
24,1000,0.197,212,9176,3026468,9
25,10,0.093,198,3672,1384088,47
25,100,0.19,219,7565,2895435,46
25,1000,0.272,218,11175,4200357,49
26,10,0.137,258,4363,1976522,47
26,100,0.261,250,8796,3848707,50
26,1000,0.395,242,13464,5896499,44
27,10,0.193,283,5316,2793792,47
27,100,0.365,287,10529,5375402,48
27,1000,0.541,262,15887,8036688,50
28,10,0.27,313,6373,3808941,54
28,100,0.497,316,12271,7143313,56
28,1000,0.762,305,18804,11018090,7
29,10,0.348,368,7116,4869059,52
29,100,0.701,356,14749,9951800,57
29,1000,1.063,384,22303,15137931,41
30,10,0.518,412,8761,7025119,60
30,100,1.388,423,17522,13804280,58
30,1000,2.091,423,26537,20743763,54
31,10,0.932,491,10080,9193891,61
31,100,1.979,532,21069,19532771,35
31,1000,2.896,484,31517,28526016,62
32,10,0.999,543,12193,12932783,61
32,100,1.952,558,24520,25479959,62
32,1000,3.018,576,37318,39231780,48
33,10,1.399,647,14501,17803065,65
33,100,2.837,623,29561,36242083,58
33,1000,4.24,669,44159,54177341,3
34,10,1.952,735,16981,24085328,67
34,100,4.036,758,35078,49892292,66
34,1000,5.994,758,52926,74506562,62
35,10,2.679,849,19954,32790789,59
35,100,5.557,887,41640,68327023,68
35,1000,8.248,858,62662,101629844,64
36,10,3.764,976,23627,45013303,1
36,100,7.892,982,49653,94814828,70
36,1000,11.785,964,74500,141623683,69
37,10,5.326,1154,28149,62755740,48
37,100,10.929,1186,58190,129213254,9
37,1000,16.428,1144,88400,194363749,69
38,10,7.539,1264,33676,86701291,69
38,100,15.42,1351,69259,177163933,73
38,1000,23.463,1291,105115,268317255,75
39,10,10.405,1498,39649,117708883,72
39,100,21.278,1480,81592,241703043,15
39,1000,32.11,1518,123778,365140277,74
40,10,14.603,1767,46591,162189245,77
40,100,29.646,1724,96404,330222951,5
40,1000,44.563,1730,146016,496775788,77
41,10,20.971,2011,54915,220061211,13
41,100,43.725,2082,115040,460438206,77
41,1000,65.291,2007,172890,684585979,74
42,10,28.872,2391,65125,307016552,1
42,100,58.076,2359,134364,619557176,1
42,1000,91.086,2302,204627,938966971,77
43,10,39.991,2668,76234,409118807,82
43,100,83.777,2655,161130,863147827,68
43,1000,126.647,2715,244537,1304704498,84
44,10,57.252,3044,90650,568624718,11
44,100,118.603,3058,189786,1178211129,77
44,1000,178.286,3067,286764,1773021796,11
45,10,81.588,3530,107693,787360316,13
45,100,162.873,3525,222260,1592527864,70
45,1000,251.628,3591,339071,2429076059,85
46,10,114.098,4197,127331,1085683990,0
46,100,239.397,4181,264585,2215227321,79
46,1000,358.432,4100,401669,3339129985,87
47,10,160.58,4775,147240,1439394627,10
47,100,328.434,4781,311730,3013822388,93
47,1000,501.12,4822,475558,4603817823,3
48,10,221.147,5517,175720,1994675656,82
48,100,457.92,5609,369014,4153077670,96
48,1000,695.588,5556,562497,6306430872,85
49,10,324.749,6456,207086,2743612546,94
49,100,662.412,6472,434141,5669254217,94
49,1000,1016.812,6462,665401,8664710619,1
50,10,517.455,7481,244955,3750936451,13
50,100,1063.735,7367,514640,7791286033,41
50,1000,1575.126,7349,786528,11907622299,12
20,10,0.025,116,1509,292953,2
20,100,0.039,122,3204,630919,38
20,1000,0.051,109,4585,843776,40
21,10,0.024,130,1741,385796,3
21,100,0.05,134,3806,831720,41
21,1000,0.066,124,5220,1096068,0
22,10,0.037,144,2189,564041,10
22,100,0.071,150,4469,1128981,42
22,1000,0.102,138,6605,1642198,43
23,10,0.051,176,2617,777052,33
23,100,0.091,173,5161,1442952,41
23,1000,0.144,177,7985,2306483,42
24,10,0.071,186,3065,1062417,2
24,100,0.138,185,6311,2101629,14
24,1000,0.197,187,9191,3049845,4
25,10,0.105,225,3960,1568603,44
25,100,0.196,229,7584,3000953,4
25,1000,0.283,212,11243,4371009,4
26,10,0.138,249,4436,1989135,45
26,100,0.251,242,8521,3710753,51
26,1000,0.38,240,12889,5659006,0
27,10,0.199,307,5421,2878280,54
27,100,0.35,288,10136,5153327,1
27,1000,0.531,277,15693,7869505,50
28,10,0.274,325,6414,3881134,53
28,100,0.522,335,12475,7477923,46
28,1000,0.756,320,18668,10928194,56
29,10,0.358,351,7196,5043919,2
29,100,0.699,365,14597,9939784,5
29,1000,1.093,354,22794,15663899,36
30,10,0.524,420,8864,7098503,51
30,100,1.406,403,17610,14034004,58
30,1000,2.123,412,26595,21087267,47
31,10,1.009,507,10660,9985249,61
31,100,1.976,467,21101,19577918,3
31,1000,2.842,488,31163,28064619,57
32,10,1.0,544,12289,12989799,64
32,100,2.052,571,25269,26849236,44
32,1000,2.997,578,37284,39335051,4
33,10,1.451,679,14713,18554647,66
33,100,2.834,669,29575,36460927,46
33,1000,4.214,625,44452,54370955,1
34,10,2.016,761,17341,25000136,68
34,100,3.903,737,34546,48654123,13
34,1000,5.903,766,52599,73724056,59
35,10,2.64,847,19866,32517277,70
35,100,5.537,862,41665,68577436,60
35,1000,8.251,852,62666,102420058,67
36,10,3.771,950,23894,45365083,71
36,100,7.679,945,48756,92800509,2
36,1000,11.582,975,73775,139558336,65
37,10,5.387,1133,28682,63843659,73
37,100,14.458,1150,58374,128827197,74
37,1000,16.33,1162,88582,194702424,70
38,10,7.731,1367,33825,89058556,1
38,100,15.183,1294,68793,175477260,72
38,1000,22.88,1312,104045,264120651,73
39,10,10.567,1499,39997,119867984,68
39,100,21.373,1559,81766,243138263,47
39,1000,32.604,1482,124802,371449003,75
40,10,14.675,1722,47120,163062884,79
40,100,29.722,1770,96321,332160788,3
40,1000,44.845,1786,146680,501913178,80
41,10,20.45,2013,55381,223118705,72
41,100,42.287,2078,115328,462483447,72
41,1000,63.267,2004,173967,693981067,9
42,10,31.06,2374,65388,308303443,8
42,100,62.032,2332,134460,618244704,84
42,1000,98.007,2393,204153,936863435,80
43,10,40.842,2716,76374,411585132,82
43,100,82.973,2700,160160,859646217,19
43,1000,125.33,2657,242688,1296614975,0
44,10,58.93,3123,91357,577284814,12
44,100,115.833,3150,188037,1164078707,14
44,1000,178.323,3109,287517,1778129268,4
45,10,79.027,3505,106889,776338626,88
45,100,165.356,3602,224400,1615365450,90
45,1000,254.474,3618,340529,2450582876,65
46,10,114.086,4236,127111,1076163594,34
46,100,237.362,4087,263631,2206484799,0
46,1000,365.108,4207,403880,3367106051,8
47,10,164.44,4833,149655,1474271070,12
47,100,333.663,4825,313472,3051459345,93
47,1000,497.026,4785,475154,4583409286,3
48,10,279.945,5563,176551,2017841351,81
48,100,573.335,5542,368859,4159507172,2
48,1000,888.745,5567,566880,6391012247,11
49,10,392.589,6340,205018,2691518739,3
49,100,828.179,6391,435000,5676742521,87
49,1000,1288.248,6508,661560,8585920236,17
50,10,547.905,7461,244643,3747153657,93
50,100,1050.2,7404,513544,7778800870,24
50,1000,1430.415,7361,785036,11840773688,29
20,10,0.026,123,1624,312680,26
20,100,0.037,115,3146,601631,38
20,1000,0.055,111,4788,908787,32
21,10,0.028,130,1925,449670,10
21,100,0.05,130,3782,822995,40
21,1000,0.072,132,5467,1195186,2
22,10,0.036,147,2155,555308,13
22,100,0.071,153,4477,1130815,28
22,1000,0.104,140,6664,1671814,9
23,10,0.05,174,2533,757899,3
23,100,0.098,151,5497,1564349,42
23,1000,0.137,159,7894,2210859,46
24,10,0.07,190,3120,1031274,48
24,100,0.134,191,6201,2061479,48
24,1000,0.201,191,9421,3109903,48
25,10,0.1,223,3824,1475351,44
25,100,0.188,230,7388,2871102,5
25,1000,0.268,209,10956,4131793,3
26,10,0.141,263,4514,2031775,52
26,100,0.265,248,8877,3904637,2
26,1000,0.394,249,13164,5869161,4
27,10,0.19,284,5282,2743958,44
27,100,0.382,297,10777,5633138,52
27,1000,0.548,268,15910,8130389,54
28,10,0.26,319,5986,3673497,0
28,100,0.504,320,12400,7249816,52
28,1000,0.782,348,19080,11274182,19
29,10,0.352,350,7219,4942112,53
29,100,0.7,371,14705,9966739,56
29,1000,1.064,380,22331,15206499,50
30,10,0.534,455,8904,7245028,54
30,100,1.028,419,17958,14131201,38
30,1000,1.518,426,26600,20928913,8
31,10,0.729,497,10515,9800290,52
31,100,1.377,472,20679,18674940,55
31,1000,2.803,479,30900,27856160,34
32,10,1.036,592,12479,13445428,64
32,100,1.996,567,24685,26114529,62
32,1000,2.997,577,37390,39290688,59
33,10,1.394,626,14360,17699865,32
33,100,2.883,638,29923,36973499,64
33,1000,4.212,649,44468,54097214,66
34,10,2.036,778,17370,25167973,57
34,100,4.083,745,35638,50807699,67
34,1000,6.023,744,53202,75163385,65
35,10,2.857,898,20730,35116109,61
35,100,5.469,839,41212,67581786,68
35,1000,8.164,890,61859,100915387,6
36,10,3.72,928,23542,44752926,64
36,100,7.837,999,49515,94343402,65
36,1000,11.625,987,73762,140361448,9
37,10,5.479,1116,28594,64720895,5
37,100,10.807,1135,58105,128059107,15
37,1000,16.656,1179,89046,197368724,73
38,10,7.889,1286,33686,87558752,60
38,100,15.746,1312,68260,175150487,4
38,1000,23.845,1308,104299,265014008,76
39,10,10.391,1538,39130,117888429,25
39,100,21.032,1463,81062,239630712,74
39,1000,31.77,1458,122615,361327795,28
40,10,14.556,1740,46713,162027653,79
40,100,29.819,1754,96634,332468906,63
40,1000,45.55,1797,147988,508733995,65
41,10,19.688,2069,54202,215098758,78
41,100,42.359,2063,115054,463299788,4
41,1000,62.903,1984,173625,688102745,78
42,10,28.441,2348,65035,303525257,74
42,100,57.977,2273,134403,619708155,78
42,1000,92.301,2414,205249,946023278,6
43,10,41.401,2661,76793,416523911,19
43,100,82.601,2698,159488,855447147,3
43,1000,124.852,2612,243132,1292921475,82
44,10,58.531,3163,90594,575108273,1
44,100,118.167,3104,189285,1181143328,6
44,1000,177.842,3098,286995,1774507965,75
45,10,80.239,3592,107681,786981930,84
45,100,166.505,3604,224546,1624495135,85
45,1000,251.553,3615,339128,2430050590,87
46,10,113.521,4210,126893,1074276711,87
46,100,236.285,4227,264374,2213987231,4
46,1000,361.756,4047,401831,3350827406,0
47,10,163.877,4867,149008,1464081375,90
47,100,332.072,4864,312124,3028729801,14
47,1000,502.928,5006,476726,4625988469,91
48,10,223.937,5635,175253,1993646071,69
48,100,463.949,5476,369339,4151704362,90
48,1000,706.798,5560,564273,6334847554,89
49,10,317.986,6432,208010,2750229497,86
49,100,658.558,6426,435796,5695319766,95
49,1000,994.958,6500,663789,8633798897,96
50,10,502.145,7506,244073,3729614546,89
50,100,1050.847,7445,514902,7818449885,0
50,1000,1549.25,7382,783922,11813898196,94
20,10,0.023,113,1535,294045,35
20,100,0.036,125,3055,582567,37
20,1000,0.051,115,4553,838540,3
21,10,0.026,128,1883,412958,40
21,100,0.05,148,3642,808484,3
21,1000,0.072,125,5527,1205221,2
22,10,0.034,139,2040,520004,1
22,100,0.065,133,4263,1034064,43
22,1000,0.099,137,6508,1593651,44
23,10,0.055,164,2799,851476,46
23,100,0.098,176,5408,1549711,43
23,1000,0.141,163,7823,2251680,45
24,10,0.069,186,3100,1026011,40
24,100,0.135,182,6255,2059457,38
24,1000,0.198,200,9245,3044126,48
25,10,0.099,217,3823,1477441,49
25,100,0.178,194,7146,2716647,2
25,1000,0.27,208,10879,4145269,7
26,10,0.138,259,4416,1996544,51
26,100,0.26,228,8748,3832312,50
26,1000,0.395,250,13324,5854016,52
27,10,0.192,314,5200,2754709,1
27,100,0.377,283,10543,5401431,17
27,1000,0.542,276,15580,7865821,53
28,10,0.253,301,6204,3575792,50
28,100,0.516,331,12530,7438486,9
28,1000,0.764,318,18917,11057084,55
29,10,0.362,371,7259,5072670,18
29,100,0.693,340,14555,9720681,58
29,1000,1.02,354,21441,14441836,1
30,10,0.535,422,8951,7127101,56
30,100,1.44,430,18008,14274704,55
30,1000,2.126,423,26522,21070942,0
31,10,0.919,473,9867,9092960,3
31,100,1.9,486,20610,18756409,61
31,1000,2.849,485,31168,28246487,56
32,10,0.982,560,12004,12728809,54
32,100,1.986,585,24577,25945644,43
32,1000,2.983,574,37041,38973728,13
33,10,1.437,645,14499,18170366,9
33,100,2.839,626,29573,36313988,58
33,1000,4.293,646,44661,54704712,3
34,10,2.006,739,17262,24904960,52
34,100,4.057,749,35406,50635936,67
34,1000,6.04,721,53043,74900398,57
35,10,2.789,855,20392,34151080,61
35,100,5.518,869,41193,67427454,9
35,1000,8.413,881,63099,103487426,10
36,10,3.823,1006,23771,45792591,64
36,100,7.671,959,48893,92316608,63
36,1000,11.681,998,74376,141231930,58
37,10,5.336,1184,28273,63317424,71
37,100,10.766,1174,58024,128220530,69
37,1000,16.112,1121,87762,191954114,72
38,10,7.587,1299,32814,83896004,76
38,100,15.986,1340,69363,177823185,74
38,1000,23.989,1337,104838,266662171,72
39,10,10.558,1516,39915,119662080,72
39,100,21.091,1477,81411,240371746,77
39,1000,31.957,1498,123240,363976271,10
40,10,14.781,1740,47090,164487766,78
40,100,30.13,1772,97312,336279424,1
40,1000,45.221,1705,147181,505367347,80
41,10,19.874,1999,54410,217374285,62
41,100,41.313,2094,113862,452381357,79
41,1000,63.131,1977,174401,692764570,80
42,10,29.109,2293,66269,311483608,75
42,100,58.34,2336,135161,625141029,80
42,1000,89.646,2363,204438,935588278,14
43,10,40.357,2785,76939,415656580,86
43,100,81.653,2670,158855,850331572,79
43,1000,125.368,2712,243837,1298970679,85
44,10,57.992,3113,90720,569598020,82
44,100,115.2,3069,188277,1163297648,87
44,1000,176.872,3116,287028,1775271453,86
45,10,82.824,3576,107662,788660865,84
45,100,169.642,3620,224216,1621793767,11
45,1000,258.963,3635,338796,2430436856,22
46,10,110.473,4121,125778,1056461542,1
46,100,301.478,4216,265747,2225087164,87
46,1000,358.697,4156,402216,3348174829,83
47,10,162.083,4898,148640,1463168671,4
47,100,331.86,4778,312711,3029590734,62
47,1000,494.862,4830,476654,4600869099,22
48,10,220.529,5496,175222,1985542950,27
48,100,459.368,5629,368206,4131808629,90
48,1000,695.688,5647,564847,6339319371,79
49,10,322.433,6536,207801,2748349754,62
49,100,670.787,6419,435767,5689449809,92
49,1000,1002.467,6483,663407,8611682768,92
50,10,515.429,7474,244251,3745511155,90
50,100,1039.061,7483,513478,7766799816,5
50,1000,1537.834,7333,781246,11754634181,95
20,10,0.025,109,1613,308424,14
20,100,0.036,117,3168,596198,39
20,1000,0.055,114,4805,916296,40
21,10,0.027,128,1917,421864,36
21,100,0.049,126,3684,808127,2
21,1000,0.072,128,5559,1192480,42
22,10,0.04,163,2374,617650,41
22,100,0.071,145,4437,1119400,44
22,1000,0.099,135,6501,1591720,37
23,10,0.053,173,2763,815565,43
23,100,0.092,152,5078,1464931,5
23,1000,0.133,152,7628,2144427,21
24,10,0.073,189,3145,1089914,2
24,100,0.14,188,6342,2149652,8
24,1000,0.196,205,9183,3007914,10
25,10,0.101,210,3778,1520288,11
25,100,0.187,205,7549,2858372,48
25,1000,0.276,221,11125,4257391,39
26,10,0.132,226,4345,1916928,52
26,100,0.27,251,8829,3977641,4
26,1000,0.398,249,13431,5929990,51
27,10,0.185,265,5249,2688807,53
27,100,0.373,294,10492,5482417,3
27,1000,0.559,266,16144,8289168,52
28,10,0.254,315,6058,3600756,7
28,100,0.514,315,12489,7400846,9
28,1000,0.76,307,18753,11001149,56
29,10,0.354,379,7285,4954472,55
29,100,0.727,378,15057,10356042,56
29,1000,1.062,377,22181,15187626,0
30,10,0.667,405,8473,6703811,54
30,100,1.447,465,18010,14450056,54
30,1000,2.133,436,27116,21410619,45
31,10,0.681,484,10002,9131718,55
31,100,1.944,490,21160,19407723,55
31,1000,2.133,511,31535,28982873,18
32,10,1.029,561,12461,13346119,63
32,100,2.038,567,25095,26661922,61
32,1000,2.996,557,37517,39240006,39
33,10,1.477,678,14846,18837625,65
33,100,2.818,667,29383,36172562,3
33,1000,4.227,591,44647,54334142,56
34,10,1.993,761,17214,24688564,66
34,100,3.951,731,34774,49218945,52
34,1000,6.011,725,53279,75044737,68
35,10,2.714,886,20066,33334182,56
35,100,5.525,846,41765,68303598,38
35,1000,8.255,845,62704,102260850,61
36,10,3.833,993,23820,46032442,70
36,100,7.899,995,49780,95274570,72
36,1000,11.535,1024,73518,138987075,68
37,10,5.229,1125,27820,61964964,3
37,100,10.898,1151,58521,129580367,73
37,1000,16.322,1221,87832,193677929,69
38,10,7.533,1309,33356,86367713,70
38,100,15.256,1317,68826,175255425,9
38,1000,22.71,1280,103626,261668171,76
39,10,10.546,1566,39779,119680414,77
39,100,21.117,1533,80864,239724835,1
39,1000,32.067,1568,123514,365217187,73
40,10,14.704,1774,46863,163581614,73
40,100,29.748,1704,96532,332085402,9
40,1000,44.567,1745,145708,497729129,1
41,10,20.155,1964,54675,219736479,65
41,100,41.488,2066,114080,454909725,76
41,1000,63.43,2055,174285,694567363,71
42,10,28.037,2291,64770,299448468,73
42,100,59.27,2358,136087,629685451,82
42,1000,90.421,2349,204520,937734017,72
43,10,40.839,2664,76436,412935254,84
43,100,82.862,2746,160564,862254927,82
43,1000,125.419,2647,243193,1300356680,83
44,10,57.71,3119,90435,570267129,1
44,100,115.859,3093,188106,1164771415,86
44,1000,178.411,3100,286572,1771064954,5
45,10,80.887,3560,107859,791358834,9
45,100,165.614,3651,224290,1618479022,5
45,1000,253.804,3735,340999,2455796271,86
46,10,113.015,4210,125732,1058350644,84
46,100,238.273,4223,263283,2204902974,90
46,1000,365.353,4260,402744,3355246504,86
47,10,176.626,4964,149941,1479136922,74
47,100,358.479,4628,313075,3030467262,85
47,1000,535.79,4965,477356,4617701227,26
48,10,225.555,5647,176176,2014020121,1
48,100,459.675,5584,368679,4153528643,8
48,1000,703.022,5693,562880,6312671227,95
49,10,323.605,6463,207651,2734478371,87
49,100,670.686,6546,437140,5717051189,10
49,1000,1006.822,6226,664327,8633714812,81
50,10,531.044,7532,247159,3810332474,99
50,100,1043.169,7548,512485,7748471576,0
50,1000,1539.918,7504,781556,11749114583,95
20,10,0.024,114,1460,284559,1
20,100,0.033,99,2977,545896,32
20,1000,0.051,103,4645,851317,39
21,10,0.029,122,2044,448171,41
21,100,0.051,137,3785,836468,41
21,1000,0.072,127,5629,1215173,7
22,10,0.036,161,2161,555980,40
22,100,0.073,155,4585,1153070,44
22,1000,0.104,153,6697,1668223,43
23,10,0.054,180,2731,816172,45
23,100,0.094,166,5205,1484211,44
23,1000,0.14,169,7833,2249899,45
24,10,0.07,169,3065,1033813,1
24,100,0.135,193,6298,2068264,47
24,1000,0.197,175,9443,3045927,46
25,10,0.093,203,3697,1389886,49
25,100,0.183,213,7304,2788030,6
25,1000,0.276,215,11106,4237043,46
26,10,0.146,261,4598,2111252,51
26,100,0.273,244,9040,4029933,31
26,1000,0.399,251,13377,5941481,9
27,10,0.195,292,5345,2808439,53
27,100,0.374,293,10777,5499990,52
27,1000,0.549,264,16076,8134995,54
28,10,0.269,329,6332,3797069,55
28,100,0.532,338,12729,7621730,54
28,1000,0.765,331,18759,11052199,54
29,10,0.358,378,7252,4999575,18
29,100,0.724,378,15021,10293118,57
29,1000,1.041,360,22006,14879004,56
30,10,0.509,417,8666,6902703,56
30,100,1.047,422,18004,14384375,51
30,1000,1.554,430,26963,21394220,59
31,10,0.747,514,10470,10015778,1
31,100,1.372,461,20573,18589867,45
31,1000,2.873,479,31320,28490599,4
32,10,1.011,605,12178,13121022,64
32,100,2.004,571,24928,26206411,61
32,1000,3.023,569,37611,39581871,7
33,10,1.433,625,14630,18180730,65
33,100,2.813,645,29333,35875839,61
33,1000,4.273,642,44728,54733738,1
34,10,1.94,745,16865,23863823,65
34,100,4.075,783,35318,50304394,61
34,1000,6.014,753,52875,74775105,45
35,10,2.716,864,19931,33194705,62
35,100,5.274,823,40399,64984332,13
35,1000,8.2,845,62113,101116866,68
36,10,3.792,991,23736,45473837,71
36,100,7.567,950,48502,91329015,69
36,1000,11.523,993,73841,138829739,66
37,10,5.485,1158,28757,64576286,53
37,100,11.012,1173,58789,130719723,12
37,1000,16.241,1092,87493,192471516,4
38,10,7.537,1337,33206,85522038,65
38,100,15.494,1354,69385,179029326,73
38,1000,23.173,1279,104814,267684268,2
39,10,10.551,1519,39822,119640695,17
39,100,21.129,1524,81127,239796263,78
39,1000,32.07,1518,123846,366177693,72
40,10,14.573,1737,46418,162359051,0
40,100,28.718,1696,94496,320650734,70
40,1000,45.544,1751,147781,508422287,77
41,10,20.14,2043,54654,220385951,78
41,100,41.636,2124,114213,456403373,79
41,1000,62.312,1955,172991,684574525,79
42,10,28.322,2283,64971,303366892,79
42,100,60.132,2340,135964,629148638,79
42,1000,90.8,2341,205600,946550359,8
43,10,41.415,2681,76667,416176562,82
43,100,82.495,2760,160861,864419658,78
43,1000,127.544,2643,244154,1305730088,83
44,10,58.318,3111,91362,575346436,83
44,100,117.346,3264,188734,1176563140,85
44,1000,180.163,3027,287456,1774380890,77
45,10,80.168,3630,107992,787778132,90
45,100,166.443,3711,225413,1628565438,85
45,1000,253.174,3560,339620,2435659981,86
46,10,112.746,4187,126248,1069461523,87
46,100,237.433,4122,263920,2207202553,12
46,1000,361.048,4185,400845,3340072694,89
47,10,172.018,4797,148995,1462274677,15
47,100,356.424,4621,312121,3019895937,81
47,1000,532.023,4896,474021,4575537534,91
48,10,222.57,5613,176122,2008708186,4
48,100,460.71,5584,371557,4190671308,92
48,1000,689.475,5601,560887,6274959643,96
49,10,318.611,6582,207359,2730391402,94
49,100,661.275,6536,434703,5670139032,97
49,1000,1058.915,6465,666823,8684647001,92
50,10,507.098,7428,244145,3758448673,4
50,100,1030.464,7361,515715,7823058781,86
50,1000,1940.003,7487,784898,11874453252,97
20,10,0.024,113,1587,305401,35
20,100,0.036,111,3100,582313,39
20,1000,0.051,120,4533,838303,31
21,10,0.026,129,1870,414255,38
21,100,0.049,125,3642,797759,0
21,1000,0.072,126,5595,1204177,1
22,10,0.036,129,2220,554338,39
22,100,0.072,148,4505,1136935,43
22,1000,0.101,138,6677,1638246,43
23,10,0.049,169,2509,744727,5
23,100,0.094,164,5246,1490732,46
23,1000,0.14,167,7897,2246939,32
24,10,0.068,185,2981,1001998,1
24,100,0.14,191,6366,2140328,48
24,1000,0.205,192,9460,3164914,3
25,10,0.099,215,3754,1480725,42
25,100,0.183,209,7456,2797992,49
25,1000,0.282,223,11271,4336825,45
26,10,0.14,237,4437,2025863,48
26,100,0.263,234,8837,3900524,51
26,1000,0.385,233,13185,5726551,40
27,10,0.183,265,5117,2641685,3
27,100,0.359,283,10467,5287028,9
27,1000,0.552,268,16053,8185673,53
28,10,0.263,321,6200,3672318,52
28,100,0.502,331,12243,7195178,51
28,1000,0.785,320,19214,11307497,56
29,10,0.359,358,7289,5043942,53
29,100,0.704,371,14714,10009438,57
29,1000,1.075,354,22676,15347689,52
30,10,0.518,429,8784,7013569,49
30,100,1.1,430,17817,14084564,41
30,1000,2.137,417,27007,21311366,48
31,10,0.931,489,10252,9385047,58
31,100,1.906,488,20848,18911031,54
31,1000,2.956,518,31800,29399468,14
32,10,1.029,589,12409,13341916,63
32,100,1.99,566,24647,26002568,58
32,1000,3.084,568,37943,40289381,61
33,10,1.465,680,14659,18524226,51
33,100,2.89,669,29793,36808577,56
33,1000,4.245,661,44405,54299759,3
34,10,1.896,716,16767,23448736,66
34,100,3.935,716,34511,48714416,67
34,1000,5.975,780,52467,74129843,45
35,10,2.779,816,20361,33843770,48
35,100,5.585,877,41585,68382311,70
35,1000,8.326,891,62746,102436104,70
36,10,3.769,999,23428,44934374,4
36,100,7.811,965,49067,94037885,68
36,1000,11.75,1013,74665,141462516,71
37,10,5.346,1146,28144,62905284,6
37,100,10.886,1179,57715,128707102,0
37,1000,16.2,1167,87545,190994882,14
38,10,7.529,1328,33194,86068681,8
38,100,15.244,1316,68659,175006970,74
38,1000,23.037,1305,104226,265493562,66
39,10,10.443,1546,39469,118283402,78
39,100,21.352,1472,81930,242150648,78
39,1000,32.039,1431,123812,363421186,73
40,10,14.724,1757,46840,162893471,77
40,100,29.454,1729,95905,327641197,70
40,1000,44.981,1702,146562,500715228,75
41,10,20.803,1974,56000,226615964,79
41,100,42.597,2053,115606,464590553,4
41,1000,62.964,2066,173211,687389076,1
42,10,28.785,2329,65763,307773201,75
42,100,59.89,2361,135237,625464774,11
42,1000,92.795,2404,205724,945693080,83
43,10,40.258,2728,76984,416205433,76
43,100,81.904,2744,159426,854157397,83
43,1000,126.084,2642,242476,1290402718,83
44,10,57.619,3113,91016,571289355,88
44,100,114.926,3064,188262,1165945210,86
44,1000,179.01,3114,287556,1777822301,76
45,10,79.231,3561,107289,780577355,85
45,100,165.218,3526,223522,1614855251,45
45,1000,252.608,3565,340380,2446065247,15
46,10,116.397,4139,127390,1082080299,8
46,100,238.901,4156,263435,2196906178,86
46,1000,366.88,4220,402021,3353489639,3
47,10,160.337,4934,148790,1453039795,90
47,100,335.623,4691,314348,3058309012,82
47,1000,497.46,4893,477124,4608411986,49
48,10,233.069,5586,177425,2029130272,94
48,100,472.546,5538,368016,4138709603,87
48,1000,717.511,5495,560712,6282745917,12
49,10,324.835,6498,208836,2761100249,94
49,100,669.682,6436,437913,5722779542,95
49,1000,998.369,6423,663077,8613465960,31
50,10,504.459,7555,244414,3735912979,98
50,100,1035.512,7436,514824,7790839363,90
50,1000,1540.727,7502,789227,11937260092,94
20,10,0.024,112,1488,277680,38
20,100,0.036,110,3121,584809,40
20,1000,0.053,112,4717,882510,36
21,10,0.028,126,1941,440053,41
21,100,0.049,137,3697,810438,41
21,1000,0.075,131,5676,1239437,39
22,10,0.034,131,2128,525016,9
22,100,0.07,151,4407,1105836,39
22,1000,0.104,151,6629,1672005,37
23,10,0.055,187,2782,835277,46
23,100,0.095,178,5231,1493212,42
23,1000,0.138,171,7703,2218446,3
24,10,0.07,177,3022,1044690,0
24,100,0.134,186,6136,2036183,37
24,1000,0.195,195,9156,2995825,46
25,10,0.102,222,3821,1503451,46
25,100,0.181,207,7283,2747986,9
25,1000,0.273,203,11053,4202288,45
26,10,0.147,238,4625,2124224,46
26,100,0.269,232,9047,3977293,52
26,1000,0.403,255,13350,5989774,3
27,10,0.188,255,5212,2662838,50
27,100,0.367,299,10559,5389017,53
27,1000,0.549,277,15989,8122359,52
28,10,0.261,309,6278,3700924,54
28,100,0.529,318,12734,7604437,51
28,1000,0.768,350,18800,11073811,53
29,10,0.362,380,7367,5066426,52
29,100,0.712,336,14960,10161093,54
29,1000,1.064,377,22351,15164109,56
30,10,0.501,406,8576,6804948,56
30,100,1.014,441,17532,13903031,52
30,1000,1.548,448,26847,21325734,41
31,10,0.732,489,10632,9809353,57
31,100,1.956,499,20895,19121782,57
31,1000,2.913,489,31365,28658038,6
32,10,1.026,549,12326,13309417,57
32,100,2.05,603,24889,26724140,50
32,1000,3.059,561,37750,40086488,59
33,10,1.409,633,14555,17835543,65
33,100,2.757,606,29145,35212117,59
33,1000,4.35,667,45303,55716945,30
34,10,2.021,735,17343,24964432,64
34,100,4.075,764,35286,50471796,2
34,1000,6.07,764,53241,75500923,66
35,10,2.784,856,20499,34091371,66
35,100,5.487,868,41060,67376193,16
35,1000,8.428,868,62736,103234753,5
36,10,3.874,1008,23834,46510352,58
36,100,7.847,1021,49301,94639369,14
36,1000,11.652,1017,74093,140224057,72
37,10,5.48,1181,28506,64663352,5
37,100,10.674,1161,57373,125890159,71
37,1000,16.16,1148,87498,191169894,72
38,10,7.525,1321,33220,85491784,13
38,100,15.479,1292,69371,177760527,72
38,1000,23.347,1274,104909,268023312,73
39,10,10.222,1496,38888,114757501,76
39,100,21.211,1499,81186,240490387,74
39,1000,31.972,1524,122931,361903823,16
40,10,14.811,1753,47281,164701795,78
40,100,29.47,1772,95566,327806117,70
40,1000,44.807,1754,146056,499186604,10
41,10,19.957,2037,54537,218171036,79
41,100,41.367,1928,114158,452751759,77
41,1000,62.824,2031,173204,687734705,1
42,10,28.311,2310,65090,302717188,77
42,100,60.837,2296,135223,625378200,1
42,1000,91.609,2356,204552,940111031,13
43,10,40.503,2699,76618,414182800,10
43,100,80.805,2630,158933,846623838,81
43,1000,125.5,2672,242678,1296741591,15
44,10,58.63,3161,91654,582637671,12
44,100,116.432,3125,189929,1178890674,51
44,1000,178.442,3115,287126,1779631077,3
45,10,79.72,3662,107532,787095674,23
45,100,166.239,3665,224818,1628129258,76
45,1000,252.682,3530,338838,2426660659,80
46,10,115.038,4184,126793,1071990748,40
46,100,236.95,4149,264713,2213660139,23
46,1000,357.23,4084,400474,3320564209,88
47,10,161.084,4845,148488,1461110548,0
47,100,335.081,4814,313742,3051399939,82
47,1000,499.916,4764,477029,4610394191,85
48,10,223.191,5646,175363,2000494981,1
48,100,460.661,5803,368598,4159031625,92
48,1000,695.66,5576,562530,6306893960,1
49,10,321.476,6499,207621,2747217999,6
49,100,658.922,6417,435579,5690420314,3
49,1000,995.446,6558,662324,8596524033,97
50,10,517.075,7566,244244,3744989097,12
50,100,1067.122,7539,514714,7828033492,1
50,1000,1567.015,7422,785339,11844128756,96
20,10,0.023,103,1513,279707,15
20,100,0.036,107,3138,594698,37
20,1000,0.05,106,4520,832058,6
21,10,0.025,118,1855,395198,40
21,100,0.049,127,3698,799921,41
21,1000,0.074,148,5647,1229522,26
22,10,0.04,144,2333,610794,40
22,100,0.069,159,4291,1098404,2
22,1000,0.102,151,6528,1626757,6
23,10,0.049,164,2599,756288,41
23,100,0.093,163,5055,1473447,1
23,1000,0.138,160,7866,2217073,45
24,10,0.075,195,3237,1110348,41
24,100,0.134,198,6204,2043299,48
24,1000,0.198,182,9288,3069334,5
25,10,0.097,222,3717,1446783,48
25,100,0.189,210,7485,2871004,47
25,1000,0.282,221,11308,4342048,50
26,10,0.136,247,4462,1975741,45
26,100,0.273,251,9025,4020660,48
26,1000,0.405,253,13467,6027344,4
27,10,0.185,273,5251,2682500,53
27,100,0.376,306,10669,5506816,12
27,1000,0.538,290,15635,7947462,52
28,10,0.257,328,6070,3616070,3
28,100,0.515,312,12483,7392967,5
28,1000,0.782,310,19071,11263922,48
29,10,0.351,362,7198,4908060,57
29,100,0.734,366,15120,10431677,56
29,1000,1.069,379,22340,15253143,4
30,10,0.517,466,8690,6981619,59
30,100,1.028,423,17894,14090311,58
30,1000,1.515,402,26680,20860960,59
31,10,0.744,521,10429,9969094,19
31,100,1.46,511,21300,19762013,54
31,1000,2.201,498,32586,29888131,61
32,10,0.975,550,11842,12639880,2
32,100,2.046,582,25104,26756889,62
32,1000,2.93,541,36968,38387367,60
33,10,1.388,635,14406,17684342,65
33,100,2.863,669,29909,36778955,65
33,1000,4.161,626,43981,53338869,3
34,10,2.064,785,17539,25556163,59
34,100,3.964,752,34495,48801302,2
34,1000,5.956,731,52658,74035616,67
35,10,2.747,817,20404,33561684,59
35,100,5.448,848,41248,67115963,62
35,1000,8.435,918,63375,104211209,70
36,10,3.87,976,23826,46312822,3
36,100,7.892,1007,49661,94961847,69
36,1000,11.689,1016,74422,140628266,65
37,10,5.47,1175,28630,64382693,74
37,100,10.624,1124,57439,125858225,3
37,1000,16.341,1160,88180,193524723,60
38,10,7.681,1379,33768,87569112,64
38,100,15.437,1345,69197,177593905,52
38,1000,23.052,1338,104386,265409172,71
39,10,10.487,1534,39749,118887003,61
39,100,21.399,1492,81780,243374736,22
39,1000,31.64,1513,122511,360095275,23
40,10,14.666,1777,46843,163000109,14
40,100,29.637,1725,96641,330213942,80
40,1000,45.047,1825,146039,501587900,1
41,10,20.192,2001,54850,220507158,80
41,100,41.191,1951,113540,450626677,81
41,1000,61.873,2061,172075,677314153,64
42,10,28.493,2337,65154,304782493,82
42,100,61.392,2359,135132,623821694,75
42,1000,91.71,2439,205479,945415542,61
43,10,40.969,2729,77291,419252497,13
43,100,80.909,2685,159105,850009691,83
43,1000,127.787,2724,241318,1287248945,85
44,10,57.882,3110,91314,570629652,85
44,100,118.156,3075,190311,1185114007,66
44,1000,179.039,3140,287035,1779906053,27
45,10,79.4,3648,106846,775575109,87
45,100,163.722,3531,221565,1591797582,4
45,1000,252.832,3605,339807,2437476652,89
46,10,114.72,4090,125959,1063963961,90
46,100,239.024,4152,262933,2192250608,25
46,1000,365.12,4239,403509,3365716263,89
47,10,162.52,4737,148990,1456230478,73
47,100,333.762,4807,312315,3025735015,89
47,1000,500.005,4813,474503,4572962748,2
48,10,223.511,5603,175970,2005488157,26
48,100,459.54,5559,368454,4145771776,16
48,1000,705.098,5552,561972,6301184702,9
49,10,326.484,6383,208152,2755465070,91
49,100,670.443,6455,435050,5679319521,94
49,1000,1023.058,6541,664939,8657928812,91
50,10,516.027,7534,244543,3721841520,99
50,100,1078.645,7551,518804,7886386369,76
50,1000,1559.6,7526,783680,11820212377,33
20,10,0.027,108,1457,279208,2
20,100,0.035,104,3127,579346,36
20,1000,0.05,106,4476,822983,38
21,10,0.024,131,1717,386656,1
21,100,0.049,113,3688,801246,9
21,1000,0.072,131,5564,1203203,41
22,10,0.035,130,2220,547008,43
22,100,0.068,133,4377,1073073,43
22,1000,0.097,136,6367,1561052,43
23,10,0.05,169,2641,767371,44
23,100,0.091,162,5076,1445741,45
23,1000,0.141,163,7820,2260195,12
24,10,0.07,184,3039,1048636,1
24,100,0.125,193,5930,1899238,48
24,1000,0.204,188,9521,3158506,47
25,10,0.091,209,3651,1355961,50
25,100,0.184,209,7433,2808361,42
25,1000,0.273,215,11217,4206108,50
26,10,0.144,259,4557,2077510,52
26,100,0.258,251,8754,3800340,51
26,1000,0.391,242,13298,5835205,4
27,10,0.194,295,5235,2787828,6
27,100,0.364,289,10404,5368005,9
27,1000,0.533,254,15552,7904776,0
28,10,0.273,315,6392,3869388,53
28,100,0.517,334,12549,7424699,55
28,1000,0.803,330,19241,11477787,47
29,10,0.369,368,7462,5192751,56
29,100,0.727,378,15034,10339233,58
29,1000,1.084,375,22564,15425874,54
30,10,0.547,469,8987,7417921,57
30,100,1.016,402,17730,13968501,56
30,1000,1.528,417,26680,21088349,58
31,10,1.013,515,10577,9940450,62
31,100,1.957,503,21147,19346153,61
31,1000,2.933,510,31809,29231714,7
32,10,1.033,568,12340,13399005,27
32,100,1.988,579,24523,25883906,64
32,1000,3.016,561,37818,39574854,50
33,10,1.415,663,14515,17924758,66
33,100,2.888,632,29883,36880753,63
33,1000,4.135,648,43840,52990668,57
34,10,1.996,706,17153,24602538,65
34,100,4.015,721,35068,49877980,5
34,1000,6.135,757,53442,76234829,68
35,10,2.762,821,20320,33845917,0
35,100,7.37,871,41557,67988996,69
35,1000,10.918,869,61691,100164849,61
36,10,3.918,996,24036,46991203,6
36,100,7.816,1036,49270,93906498,71
36,1000,11.538,967,73891,138879902,71
37,10,5.445,1169,28694,64238891,70
37,100,10.757,1132,57512,127362026,1
37,1000,16.481,1196,88365,195404832,8
38,10,7.892,1381,34306,90488472,71
38,100,15.217,1342,68482,174909978,4
38,1000,22.949,1360,104278,264533037,59
39,10,10.552,1530,39730,119641467,16
39,100,21.055,1555,81127,239280714,75
39,1000,32.331,1553,124278,367881003,72
40,10,14.689,1746,46761,163599632,75
40,100,29.488,1728,96270,329333350,75
40,1000,44.849,1782,146189,500670063,8
41,10,20.313,1976,54897,221933494,5
41,100,41.845,2023,114816,457582788,79
41,1000,62.975,2082,173733,689177817,77
42,10,28.914,2291,64327,298988192,17
42,100,60.33,2404,135225,626982772,72
42,1000,90.983,2266,205333,943291471,23
43,10,39.787,2679,76497,413098606,76
43,100,83.827,2691,159835,858729049,5
43,1000,128.753,2653,244011,1305481889,86
44,10,57.158,3110,90992,570066068,60
44,100,117.967,3164,187550,1160993364,86
44,1000,176.946,3065,287114,1777119413,2
45,10,81.292,3643,107483,784633334,89
45,100,167.463,3518,225026,1622736082,89
45,1000,249.959,3603,338336,2419129026,77
46,10,114.548,4109,126104,1063032197,78
46,100,237.846,4043,263779,2203579344,6
46,1000,355.305,4177,400352,3324996496,2
47,10,171.789,4850,148384,1458415052,3
47,100,358.776,4925,312784,3038478881,82
47,1000,535.739,4913,477812,4631241093,86
48,10,220.452,5618,175695,1995695387,93
48,100,464.64,5679,370197,4182202386,89
48,1000,694.626,5614,561451,6294112606,96
49,10,320.843,6401,207763,2738602857,89
49,100,671.206,6554,436558,5712823129,11
49,1000,1010.691,6428,662064,8592960469,57
50,10,544.574,7588,245996,3765049824,100
50,100,1115.252,7404,515651,7823570381,0
50,1000,1600.991,7474,785977,11875540201,26
20,10,0.021,104,1609,308618,28
20,100,0.035,111,3022,570770,38
20,1000,0.051,107,4612,847473,39
21,10,0.026,127,1841,398927,42
21,100,0.049,133,3659,804271,3
21,1000,0.07,124,5539,1187908,40
22,10,0.038,150,2193,567338,2
22,100,0.07,153,4399,1111305,44
22,1000,0.101,135,6556,1623259,41
23,10,0.049,148,2607,742772,46
23,100,0.097,168,5243,1540251,2
23,1000,0.143,170,7761,2272071,0
24,10,0.078,200,3366,1160215,47
24,100,0.135,195,6158,2057480,3
24,1000,0.202,196,9364,3091704,46
25,10,0.104,226,3885,1531419,48
25,100,0.179,201,6900,2588791,0
25,1000,0.275,224,11116,4232988,50
26,10,0.136,254,4373,1902297,49
26,100,0.268,251,8970,3932487,50
26,1000,0.388,241,13231,5759641,46
27,10,0.177,254,5100,2554198,49
27,100,0.367,268,10555,5370135,46
27,1000,0.526,273,15561,7759611,53
28,10,0.273,313,6388,3856519,52
28,100,0.536,319,12740,7635704,56
28,1000,0.763,326,18453,10743731,3
29,10,0.378,349,7284,5062544,2
29,100,0.725,366,14844,10259912,0
29,1000,1.071,356,22275,15249869,54
30,10,0.516,457,8726,6954325,54
30,100,0.994,444,17390,13581992,57
30,1000,2.101,427,26665,20821822,59
31,10,0.967,507,10332,9476113,60
31,100,1.933,509,20941,19091519,60
31,1000,2.845,497,31023,27920082,59
32,10,0.999,546,12076,12924957,61
32,100,1.992,551,24649,25944281,11
32,1000,3.042,566,37610,39696454,59
33,10,1.427,650,14595,18072126,65
33,100,2.829,658,29230,36013592,1
33,1000,4.312,685,44690,54676378,55
34,10,1.96,707,17122,24148363,67
34,100,3.958,749,34542,49011882,4
34,1000,5.986,739,52771,74239026,13
35,10,2.692,869,19922,32955774,2
35,100,5.438,853,41044,66946331,69
35,1000,8.334,797,62912,102726760,61
36,10,3.819,995,23585,45584632,69
36,100,7.723,1004,48839,92717611,69
36,1000,11.935,971,74959,143366011,11
37,10,5.326,1136,27864,62685760,0
37,100,11.022,1129,58829,130131284,48
37,1000,16.586,1107,89005,196104394,63
38,10,7.332,1370,32513,83844283,14
38,100,15.497,1355,69253,177519062,15
38,1000,23.179,1323,104389,266265913,75
39,10,10.873,1535,40531,122928213,75
39,100,21.25,1442,81416,240567434,71
39,1000,32.158,1525,123585,365148540,2
40,10,14.7,1765,46712,162528653,80
40,100,29.592,1734,95499,329473395,0
40,1000,44.626,1716,145899,497238182,75
41,10,20.538,1976,54273,216004143,68
41,100,43.4,1947,114211,453870521,82
41,1000,65.152,2027,173098,683698406,78
42,10,29.172,2323,65036,302337188,74
42,100,59.277,2343,135163,625965579,79
42,1000,89.707,2269,205896,947936210,80
43,10,40.953,2751,76889,418775257,8
43,100,84.304,2654,160318,857467145,79
43,1000,125.874,2658,243228,1300393490,15
44,10,59.863,3132,89809,564850577,3
44,100,122.064,3064,189424,1175757186,17
44,1000,185.413,3084,288554,1791410442,5
45,10,80.332,3629,107145,782527019,79
45,100,169.377,3645,225141,1626284605,2
45,1000,253.243,3574,342020,2456623491,88
46,10,116.791,4142,127039,1074927871,11
46,100,239.391,4167,263715,2206296963,89
46,1000,363.791,4114,403175,3361965097,84
47,10,158.682,4824,148054,1443613736,83
47,100,337.582,4915,311692,3015475068,92
47,1000,500.089,4829,477052,4617321523,78
48,10,223.158,5495,175180,1991006298,7
48,100,465.465,5491,369464,4160319751,88
48,1000,708.92,5602,563237,6326314177,86
49,10,319.449,6411,206026,2694155637,78
49,100,668.668,6320,436884,5715606266,3
49,1000,1020.259,6442,663770,8630731125,87
50,10,505.934,7338,245353,3756375771,91
50,100,1036.368,7317,514713,7809639994,63
50,1000,1494.26,7305,780542,11740746127,89
20,10,0.027,123,1652,330140,40
20,100,0.035,110,3009,565333,37
20,1000,0.05,106,4537,842456,37
21,10,0.026,124,1898,413544,18
21,100,0.048,123,3714,804679,38
21,1000,0.068,128,5348,1121952,25
22,10,0.037,136,2264,566720,41
22,100,0.068,151,4277,1075789,0
22,1000,0.1,152,6484,1598062,8
23,10,0.05,171,2644,774433,45
23,100,0.1,186,5368,1575613,42
23,1000,0.142,164,7940,2281437,45
24,10,0.069,167,3162,1023699,44
24,100,0.137,192,6287,2096990,45
24,1000,0.198,184,9323,3061467,1
25,10,0.097,221,3788,1443075,49
25,100,0.187,216,7321,2859520,7
25,1000,0.282,234,11317,4319972,41
26,10,0.143,259,4550,2077430,51
26,100,0.265,254,8761,3921524,49
26,1000,0.392,248,13319,5831549,35
27,10,0.202,293,5429,2920963,13
27,100,0.369,270,10642,5437396,52
27,1000,0.533,290,15659,7878785,51
28,10,0.257,352,6099,3607544,54
28,100,0.499,320,12380,7140662,49
28,1000,0.752,332,18501,10874316,55
29,10,0.371,385,7473,5211662,57
29,100,0.728,357,14898,10357744,11
29,1000,1.048,386,21977,14950726,58
30,10,0.532,427,8920,7220954,53
30,100,0.992,440,17313,13613675,54
30,1000,1.552,420,26713,21110082,54
31,10,0.959,477,10418,9555425,61
31,100,1.965,483,21058,19371585,58
31,1000,2.064,516,30844,27975438,13
32,10,1.016,555,12234,13157587,64
32,100,1.998,545,24713,26105902,61
32,1000,2.998,580,37114,39256441,0
33,10,1.371,653,14167,17334904,65
33,100,2.81,684,29366,35767960,65
33,1000,4.293,656,44689,54776496,2
34,10,2.001,746,16968,24665757,4
34,100,3.954,725,34743,48864855,60
34,1000,5.887,705,52026,73249276,0
35,10,2.782,850,20375,34050148,58
35,100,5.704,890,41984,70076176,4
35,1000,8.334,893,62590,102350422,20
36,10,3.87,1009,23966,46206431,69
36,100,7.753,1012,49062,93367409,68
36,1000,11.74,958,74927,141681651,69
37,10,5.394,1115,28070,62967408,3
37,100,10.813,1145,58294,128240076,63
37,1000,16.26,1130,87396,191798386,71
38,10,7.576,1334,33637,86881457,70
38,100,15.503,1324,69348,177806425,67
38,1000,22.891,1305,104228,263886667,63
39,10,10.206,1464,38831,115661225,72
39,100,21.313,1502,82076,242429860,70
39,1000,31.936,1530,123220,363832774,2
40,10,14.349,1713,46347,159071695,79
40,100,29.675,1731,96044,330872077,4
40,1000,45.396,1768,147156,506743465,70
41,10,20.764,2025,55934,226838703,81
41,100,41.677,2023,114215,456388803,1
41,1000,63.86,2021,174488,692023266,82
42,10,29.316,2310,64943,305748422,5
42,100,60.995,2349,135555,626594018,81
42,1000,89.646,2318,204569,940991754,1
43,10,43.149,2726,76684,416726722,3
43,100,88.463,2648,159911,857579023,78
43,1000,137.852,2635,243148,1294249334,86
44,10,57.038,3074,91200,575061142,67
44,100,119.165,3082,189886,1180968000,80
44,1000,181.946,3070,289335,1791852637,83
45,10,82.366,3631,108250,794492175,81
45,100,167.508,3605,224541,1626757663,4
45,1000,251.554,3601,341955,2460209281,85
46,10,115.806,4128,126684,1067973540,87
46,100,238.546,4186,265899,2235296259,84
46,1000,365.683,4256,404285,3381218574,13
47,10,159.083,4735,148812,1454628350,90
47,100,336.576,4821,313214,3046128324,11
47,1000,492.593,4803,474989,4587300248,88
48,10,223.611,5690,176616,2008250300,94
48,100,458.235,5534,368381,4144043026,2
48,1000,697.454,5662,562444,6310616441,10
49,10,319.4,6323,206601,2731719212,0
49,100,670.306,6429,437299,5722717123,97
49,1000,1012.448,6371,664681,8646294901,96
50,10,522.315,7378,244564,3734760567,91
50,100,1048.074,7508,513604,7763018384,97
50,1000,1560.63,7562,785885,11857165442,66
20,10,0.026,108,1622,310074,40
20,100,0.036,113,3128,590328,36
20,1000,0.053,118,4686,883372,39
21,10,0.025,125,1869,399592,42
21,100,0.048,116,3708,788117,42
21,1000,0.072,134,5582,1200374,41
22,10,0.037,139,2163,572525,4
22,100,0.074,168,4548,1162179,43
22,1000,0.103,149,6643,1647391,39
23,10,0.05,166,2686,775006,46
23,100,0.095,175,5149,1499983,4
23,1000,0.14,184,7679,2234496,2
24,10,0.076,206,3163,1125456,7
24,100,0.135,180,6282,2079250,37
24,1000,0.207,201,9548,3189450,47
25,10,0.101,204,3885,1514989,48
25,100,0.189,213,7489,2892011,45
25,1000,0.274,212,10983,4222862,0
26,10,0.131,220,4302,1897105,5
26,100,0.257,227,8705,3806878,47
26,1000,0.382,257,13021,5692244,48
27,10,0.186,279,5243,2673213,54
27,100,0.371,284,10599,5470402,36
27,1000,0.549,262,16042,8142349,2
28,10,0.298,338,6462,3975256,54
28,100,0.54,320,12467,7420273,54
28,1000,0.815,316,19060,11239024,52
29,10,0.349,364,7148,4891091,41
29,100,0.71,395,14694,10078847,42
29,1000,1.062,405,22154,15154798,58
30,10,0.526,432,8846,7124351,45
30,100,1.03,444,17814,14137673,59
30,1000,1.496,430,26261,20595248,2
31,10,0.711,521,10291,9516838,61
31,100,1.462,519,21330,19780258,59
31,1000,2.125,495,31536,28849699,4
32,10,1.001,578,12100,12829143,61
32,100,2.033,590,25036,26507768,57
32,1000,2.966,560,36961,38884298,1
33,10,1.439,638,14745,18402856,63
33,100,2.818,654,29143,35956604,8
33,1000,4.288,627,44595,55102062,1
34,10,1.99,756,17177,24543929,66
34,100,3.947,738,34720,49005299,61
34,1000,5.916,752,52307,73683310,61
35,10,2.665,803,20010,32643205,61
35,100,5.467,853,41016,67050494,62
35,1000,8.37,856,63088,103620656,60
36,10,3.832,1005,23913,46051919,58
36,100,7.708,1030,48616,92706644,54
36,1000,11.595,1000,73883,139916868,1
37,10,5.306,1133,28283,62684570,63
37,100,11.01,1115,59112,130424217,74
37,1000,16.397,1168,88440,194307459,73
38,10,7.347,1294,32796,84428431,17
38,100,15.363,1316,68788,176848586,13
38,1000,23.196,1320,104855,267238828,73
39,10,10.169,1509,38759,115240520,13
39,100,20.891,1512,80731,238084147,32
39,1000,32.218,1538,124524,367518642,75
40,10,14.745,1705,47055,163877961,71
40,100,29.237,1723,95986,326419645,77
40,1000,59.334,1762,146672,504143641,0
41,10,26.008,2087,54992,221355854,77
41,100,54.094,1992,115106,459680259,69
41,1000,85.062,2052,175243,703013827,5
42,10,29.527,2251,65897,308108192,81
42,100,59.694,2279,134856,622531028,63
42,1000,89.693,2340,206448,951285040,81
43,10,40.904,2652,77245,417837834,86
43,100,83.332,2668,159256,850792845,39
43,1000,126.822,2699,244768,1308646384,82
44,10,56.779,3144,91055,568731945,88
44,100,118.7,3143,189872,1182577217,84
44,1000,178.253,3189,286818,1778880193,6
45,10,79.438,3580,107123,778357564,79
45,100,167.808,3592,224309,1614507076,78
45,1000,253.972,3589,340712,2450530987,0
46,10,118.409,4134,127614,1083513030,80
46,100,239.867,4202,265074,2220981008,23
46,1000,362.628,4263,402198,3355074666,4
47,10,158.728,4703,148405,1451170304,82
47,100,339.888,4771,313137,3042993366,29
47,1000,493.55,4931,474377,4568424185,85
48,10,223.003,5463,174862,1985670236,8
48,100,456.818,5592,366746,4120389306,94
48,1000,697.364,5538,562106,6300764915,88
49,10,322.749,6350,207879,2741027674,89
49,100,660.559,6466,435404,5680246983,14
49,1000,1007.325,6341,664754,8645399256,7
50,10,507.959,7423,245399,3752022769,96
50,100,1043.449,7300,514981,7807928770,4
50,1000,1543.816,7463,784577,11830302606,95
20,10,0.026,127,1636,317787,39
20,100,0.036,107,3085,580753,3
20,1000,0.051,109,4574,849133,37
21,10,0.027,131,1909,431526,38
21,100,0.05,137,3735,814844,41
21,1000,0.069,130,5464,1151555,42
22,10,0.039,139,2274,593453,40
22,100,0.068,142,4362,1081713,37
22,1000,0.103,138,6726,1666723,40
23,10,0.051,155,2732,783006,45
23,100,0.094,172,5255,1481380,31
23,1000,0.139,153,7885,2244438,41
24,10,0.078,213,3267,1154784,45
24,100,0.136,195,6263,2080346,41
24,1000,0.197,171,9339,3043650,35
25,10,0.097,226,3638,1439814,47
25,100,0.189,214,7544,2889326,50
25,1000,0.282,215,11344,4342675,46
26,10,0.131,249,4153,1889954,0
26,100,0.265,238,8649,3778951,47
26,1000,0.384,239,13101,5714353,51
27,10,0.197,279,5428,2857707,49
27,100,0.374,287,10541,5508619,1
27,1000,0.556,296,16014,8220967,52
28,10,0.258,328,6183,3632412,55
28,100,0.513,332,12363,7317123,17
28,1000,0.778,331,18965,11247463,54
29,10,0.363,357,7424,5082376,58
29,100,0.7,352,14690,9944437,52
29,1000,1.076,370,22364,15252572,56
30,10,0.507,433,8606,6865355,57
30,100,1.021,447,17646,14020496,59
30,1000,1.532,433,26659,21116372,2
31,10,0.98,498,10429,9725159,57
31,100,1.423,481,21084,19258304,60
31,1000,2.838,497,31207,28190847,62
32,10,1.02,569,12113,13210792,4
32,100,2.06,547,25113,26938183,26
32,1000,2.958,559,36934,38663648,56
33,10,1.388,648,14387,17694956,59
33,100,2.792,633,29416,35843484,61
33,1000,4.11,660,43721,52958516,59
34,10,1.929,793,16638,23885779,1
34,100,3.953,716,34689,48919736,68
34,1000,5.914,768,52316,73342123,54
35,10,2.792,883,20274,33979464,69
35,100,5.453,831,41381,67246196,67
35,1000,8.293,832,62570,102663395,17
36,10,3.753,968,23569,45049665,49
36,100,7.845,999,49320,94339755,64
36,1000,11.676,1013,74221,141083683,32
37,10,5.319,1106,28134,62954471,66
37,100,10.619,1177,57040,125709758,70
37,1000,16.392,1146,87930,194204101,1
38,10,7.362,1284,33034,84494519,75
38,100,15.401,1339,69220,177390222,4
38,1000,23.144,1322,104904,267296417,70
39,10,10.375,1533,39518,118108546,75
39,100,21.021,1557,80915,239798632,1
39,1000,31.744,1483,123174,362489644,78
40,10,14.459,1714,46574,160970492,72
40,100,29.794,1709,96595,332065110,77
40,1000,45.074,1748,146474,503748928,4
41,10,20.043,2009,54742,218866120,56
41,100,41.913,1981,115214,459020256,81
41,1000,64.402,2001,174738,696049252,80
42,10,31.086,2354,65944,310507682,6
42,100,59.969,2294,135686,628597264,11
42,1000,89.723,2301,205765,947894162,77
43,10,41.745,2724,76890,420177806,0
43,100,87.561,2727,160958,867818449,74
43,1000,131.174,2723,241966,1290118972,77
44,10,57.121,3203,91112,574294350,78
44,100,117.624,3152,188402,1170348571,86
44,1000,178.545,3191,289906,1796767199,83
45,10,82.014,3686,106901,782522121,5
45,100,170.747,3575,224241,1614189428,67
45,1000,259.567,3606,340902,2453257518,11
46,10,116.18,4181,126697,1073312445,85
46,100,238.359,4147,265060,2214217115,86
46,1000,363.96,4242,402417,3348470627,92
47,10,163.111,4856,149726,1469155470,84
47,100,334.682,4895,312685,3032016571,69
47,1000,494.289,4860,475704,4589574041,74
48,10,224.693,5667,176731,2017449408,88
48,100,465.853,5786,369713,4164489939,96
48,1000,695.985,5625,560253,6278320546,95
49,10,411.34,6448,209124,2772863729,96
49,100,829.936,6452,435040,5672470263,8
49,1000,1302.127,6654,667464,8693452049,89
50,10,536.467,7416,246021,3777699480,89
50,100,1033.929,7518,513631,7775158732,4
50,1000,1469.688,7312,784050,11809546328,95
20,10,0.024,116,1552,298360,40
20,100,0.037,117,3077,585148,2
20,1000,0.052,117,4629,850893,40
21,10,0.028,127,1988,449019,35
21,100,0.048,136,3673,782333,42
21,1000,0.071,122,5554,1179735,41
22,10,0.037,144,2212,575727,4
22,100,0.07,131,4536,1114382,41
22,1000,0.101,149,6501,1623672,42
23,10,0.053,162,2688,794979,46
23,100,0.096,171,5235,1523984,37
23,1000,0.146,168,8091,2344713,42
24,10,0.074,195,3276,1113395,46
24,100,0.139,184,6348,2126671,44
24,1000,0.209,193,9625,3228443,48
25,10,0.093,220,3622,1373790,50
25,100,0.188,217,7552,2888946,44
25,1000,0.278,209,11226,4298724,49
26,10,0.132,234,4370,1906820,48
26,100,0.27,236,9066,3999877,50
26,1000,0.384,243,13124,5713097,51
27,10,0.189,292,5138,2715910,4
27,100,0.349,283,10062,5124887,1
27,1000,0.552,295,15919,8164380,53
28,10,0.262,317,6318,3712346,56
28,100,0.524,307,12711,7518676,51
28,1000,0.764,314,18816,11035303,54
29,10,0.361,350,7338,5089719,58
29,100,0.733,361,15047,10374194,34
29,1000,1.104,388,22877,15678298,41
30,10,0.506,415,8725,6852633,60
30,100,1.035,418,17690,13906463,43
30,1000,2.146,429,27129,21499571,25
31,10,0.985,497,10293,9685711,62
31,100,1.943,492,21053,19562900,61
31,1000,2.875,481,31351,28330995,59
32,10,1.018,578,12223,13190676,61
32,100,2.028,539,25048,26491110,63
32,1000,3.011,594,37420,39369868,0
33,10,1.456,683,14666,18436514,64
33,100,2.788,610,29241,35642393,66
33,1000,4.257,658,44476,54038803,60
34,10,2.037,752,17476,25232225,65
34,100,3.967,724,34795,49338460,6
34,1000,5.973,733,52669,74284578,52
35,10,2.67,825,20028,32891294,67
35,100,5.491,842,41123,67857528,1
35,1000,8.299,908,62504,102413801,68
36,10,3.879,972,24133,46658261,24
36,100,7.818,994,49555,94392762,70
36,1000,11.777,959,74193,140230442,68
37,10,5.292,1112,28250,62558205,32
37,100,10.883,1164,58268,128661095,68
37,1000,16.451,1138,88184,195169236,3
38,10,7.391,1294,33129,84905216,59
38,100,15.252,1289,68685,175641693,8
38,1000,22.936,1291,103968,264123535,76
39,10,10.673,1565,39727,121048687,12
39,100,21.216,1487,81930,241913442,69
39,1000,32.01,1515,123526,364890418,76
40,10,14.483,1690,46463,161456265,67
40,100,29.729,1768,96752,332248443,78
40,1000,44.687,1752,146103,499568921,66
41,10,21.229,2051,55411,223062090,60
41,100,43.013,1968,114179,452462965,80
41,1000,68.022,1966,172830,682710233,76
42,10,29.558,2380,65771,308702930,82
42,100,60.402,2344,135358,622762636,77
42,1000,89.952,2383,207195,955714986,83
43,10,39.752,2730,75882,416165958,0
43,100,83.196,2694,159292,854591062,6
43,1000,127.424,2757,243005,1298778336,80
44,10,56.081,3157,90378,567734014,77
44,100,116.631,3228,188595,1171637146,77
44,1000,175.765,3113,285335,1760261078,6
45,10,79.962,3659,107460,781948493,87
45,100,167.71,3554,223917,1621263029,5
45,1000,250.227,3642,340433,2443717532,61
46,10,116.834,4130,126686,1070513347,87
46,100,239.808,4061,263961,2202358311,84
46,1000,366.247,4191,402327,3348323731,91
47,10,163.469,4796,149187,1458947569,92
47,100,345.137,4920,315595,3081007177,92
47,1000,501.096,4753,475796,4600241745,92
48,10,273.9,5571,174592,1975806944,87
48,100,575.468,5603,370141,4167862295,94
48,1000,882.835,5536,562337,6312655467,10
49,10,404.613,6442,207072,2724352644,97
49,100,836.22,6536,434742,5671528634,34
49,1000,1313.949,6564,663471,8621797615,85
50,10,563.848,7458,243610,3731157636,2
50,100,1376.418,7633,513408,7753401461,98
50,1000,1704.299,7471,786047,11849536866,99
20,10,0.024,104,1626,303001,40
20,100,0.033,116,2955,540215,18
20,1000,0.05,101,4512,836185,0
21,10,0.027,136,1913,426322,41
21,100,0.048,120,3684,780252,40
21,1000,0.071,131,5535,1197575,1
22,10,0.037,156,2152,563150,39
22,100,0.073,155,4544,1162556,41
22,1000,0.11,164,6860,1749761,42
23,10,0.052,162,2744,796541,46
23,100,0.098,152,5359,1572627,2
23,1000,0.145,173,8073,2328364,46
24,10,0.067,184,3017,996763,35
24,100,0.134,205,6053,2037942,47
24,1000,0.196,212,9174,2995404,41
25,10,0.097,216,3638,1457276,0
25,100,0.185,227,7375,2807450,49
25,1000,0.284,219,11349,4383021,35
26,10,0.146,264,4586,2092934,25
26,100,0.262,232,8901,3878446,51
26,1000,0.4,247,13417,5959385,51
27,10,0.199,287,5359,2877911,44
27,100,0.369,287,10585,5422769,51
27,1000,0.543,268,15869,8034187,45
28,10,0.261,319,6039,3681635,4
28,100,0.512,326,12362,7323039,54
28,1000,0.773,338,18867,11114379,8
29,10,0.4,390,7896,5612229,58
29,100,0.719,384,14907,10201434,57
29,1000,1.085,377,22534,15487741,54
30,10,0.507,419,8643,6883087,55
30,100,1.036,443,17689,14220082,8
30,1000,2.09,417,26584,20769934,56
31,10,0.981,488,10441,9767442,59
31,100,1.89,482,20930,19318286,62
31,1000,2.831,460,30957,27977051,7
32,10,1.007,555,12297,13052883,60
32,100,2.069,570,25309,26978011,59
32,1000,3.053,570,37754,39970433,58
33,10,1.442,662,14626,18389900,63
33,100,2.716,619,28581,34590036,0
33,1000,4.236,621,44570,54065526,64
34,10,2.014,735,17301,24891218,65
34,100,3.938,716,34843,48745574,67
34,1000,6.096,742,53238,75310636,59
35,10,2.842,868,20290,34204685,66
35,100,5.533,890,41444,68146976,65
35,1000,8.328,876,62951,102892349,66
36,10,3.857,1009,23733,46352311,3
36,100,7.894,985,49672,94930055,66
36,1000,11.617,954,74059,140432222,14
37,10,5.173,1100,27893,61291592,72
37,100,10.771,1126,58084,127590148,73
37,1000,16.344,1132,88086,194278082,2
38,10,7.543,1295,33329,86505900,7
38,100,15.326,1279,69209,176825127,73
38,1000,22.786,1288,103761,263352001,72
39,10,10.338,1539,39198,117663517,64
39,100,20.934,1515,81017,238751698,77
39,1000,31.909,1527,123304,363848642,7
40,10,14.506,1745,46688,161711582,63
40,100,29.807,1752,96838,333102399,77
40,1000,45.703,1748,147839,510096079,79
41,10,20.461,2056,55521,223924181,81
41,100,41.239,1990,113931,452023490,81
41,1000,65.473,1990,173625,688832517,1
42,10,30.034,2327,65012,305397642,4
42,100,60.147,2341,134928,626117488,73
42,1000,88.57,2372,204669,938766915,79
43,10,40.754,2655,76822,413558848,84
43,100,85.628,2762,159643,853040370,78
43,1000,131.894,2700,244399,1308374499,8
44,10,56.443,3068,90314,564729671,68
44,100,116.209,3170,188414,1166123397,6
44,1000,178.69,3108,288237,1788028430,88
45,10,81.549,3675,107557,787133569,80
45,100,164.908,3626,222869,1601309115,16
45,1000,250.581,3539,339187,2432353765,4
46,10,113.446,4164,124746,1054704043,0
46,100,238.893,4261,264375,2215065669,84
46,1000,355.944,4247,400235,3318797916,64
47,10,159.602,4913,148961,1456452643,87
47,100,335.748,4797,313141,3047343984,1
47,1000,493.107,4790,475415,4593143823,86
48,10,225.105,5666,176584,2012489672,65
48,100,462.899,5522,368061,4141300604,94
48,1000,698.7,5522,561344,6282953071,95
49,10,338.4,6613,210703,2806737956,94
49,100,713.5,6421,434609,5664774896,91
49,1000,1022.177,6490,664600,8642928500,97
50,10,516.495,7364,245250,3755483398,13
50,100,1071.636,7458,516192,7827458214,100
50,1000,1539.024,7593,781107,11752219543,93
20,10,0.024,111,1537,298723,1
20,100,0.039,118,3111,592169,36
20,1000,0.053,115,4716,881856,40
21,10,0.026,138,1836,405194,38
21,100,0.043,107,3410,715011,1
21,1000,0.073,141,5559,1215632,41
22,10,0.034,129,2145,514708,33
22,100,0.069,149,4393,1087295,44
22,1000,0.106,152,6734,1692974,44
23,10,0.051,170,2591,768972,45
23,100,0.098,162,5355,1543690,44
23,1000,0.141,172,7842,2249638,41
24,10,0.072,193,3134,1072408,26
24,100,0.136,196,6254,2072507,46
24,1000,0.201,199,9278,3099044,0
25,10,0.096,225,3746,1426257,50
25,100,0.187,234,7374,2845639,5
25,1000,0.276,229,11076,4239074,47
26,10,0.14,243,4478,2033265,49
26,100,0.267,249,8859,3934052,3
26,1000,0.388,239,13146,5758922,43
27,10,0.182,287,5132,2626914,42
27,100,0.367,284,10522,5388212,54
27,1000,0.537,278,15538,7932265,0
28,10,0.284,325,6489,4018018,53
28,100,0.526,350,12683,7516736,51
28,1000,0.776,337,18920,11156282,49
29,10,0.372,372,7496,5203423,51
29,100,0.731,361,15217,10367362,54
29,1000,1.061,356,22331,15117532,58
30,10,0.533,435,8894,7189403,57
30,100,1.008,418,17383,13745296,59
30,1000,1.538,437,26730,21118425,60
31,10,0.946,495,10165,9471990,5
31,100,1.99,479,21515,19726991,8
31,1000,2.108,489,31431,28561461,62
32,10,0.966,566,11866,12507571,63
32,100,2.0,549,24752,26171993,50
32,1000,3.03,591,37681,39669680,62
33,10,1.455,664,14801,18562672,64
33,100,2.807,600,29674,36103080,60
33,1000,4.122,621,43796,53021494,58
34,10,2.046,774,17301,25328648,23
34,100,4.073,775,35285,50574448,58
34,1000,6.058,768,53101,75102111,65
35,10,2.706,901,20006,33096451,67
35,100,5.435,839,40736,66814851,2
35,1000,8.449,862,63202,104093451,62
36,10,3.825,987,23874,45803853,71
36,100,7.72,1015,48545,92955061,6
36,1000,11.676,1004,73938,140518751,66
37,10,5.601,1154,28695,63517634,53
37,100,11.331,1131,58363,129186568,72
37,1000,16.881,1149,87782,192511438,63
38,10,7.712,1337,33937,88560129,73
38,100,15.286,1339,68939,176042730,72
38,1000,23.001,1282,104388,265153956,76
39,10,10.605,1483,39637,120462564,4
39,100,21.034,1494,81162,239385574,78
39,1000,31.983,1491,123608,364011551,31
40,10,14.474,1752,46220,161281562,6
40,100,29.439,1739,96286,328917631,77
40,1000,44.824,1715,146383,500545636,58
41,10,20.65,2109,55536,224277954,76
41,100,41.958,2033,114727,458435961,81
41,1000,64.114,2039,172231,679954254,81
42,10,28.752,2418,63849,299504361,0
42,100,61.023,2339,135653,626954872,74
42,1000,88.585,2247,205117,939113136,81
43,10,40.932,2734,76717,417184518,1
43,100,83.348,2798,159687,856089301,83
43,1000,127.767,2703,243524,1302037836,85
44,10,56.375,3117,91183,568162798,85
44,100,119.105,3073,189921,1180197824,83
44,1000,179.324,3121,287155,1773068346,85
45,10,79.709,3722,106115,776121018,0
45,100,166.612,3596,222309,1602067989,4
45,1000,252.223,3607,340190,2439854184,80
46,10,114.553,4261,126300,1071774290,3
46,100,239.445,4222,265397,2221465434,84
46,1000,364.887,4183,403771,3366561329,87
47,10,161.386,4860,148571,1454164195,5
47,100,338.603,4886,313154,3046087682,92
47,1000,501.385,4872,478184,4632767228,90
48,10,220.772,5623,174889,1982519636,94
48,100,459.794,5528,369178,4159132973,5
48,1000,698.281,5586,562586,6309910800,95
49,10,321.152,6430,206688,2719974569,91
49,100,666.58,6493,435597,5686713468,2
49,1000,1014.099,6344,664032,8637480000,1
50,10,543.8,7520,245601,3758803985,98
50,100,1105.51,7634,515296,7820231919,8
50,1000,1574.283,7365,780202,11718374161,88
